{
	"0": {
        "B": [
            [0.95, 21.0],
            [0.05, 23.0]
        ],
        "A": [
            [0.95, 26.0],
            [0.050000000000000044, -1.0]
        ]
    },
    "1": {
        "B": [
            [0.75, -5.0],
            [0.25, 8.0]
        ],
        "A": [
            [0.6, 14.0],
            [0.4, -18.0]
        ]
    },
    "2": {
        "B": [
            [1.0, 1.0]
        ],
        "A": [
            [0.5, 2.0],
            [0.5, 0.0]
        ]
    },
    "3": {
        "B": [
            [0.75, -31.0],
            [0.125, 86.5],
            [0.125, 87.5]
        ],
        "A": [
            [0.05, 37.0],
            [0.95, 8.0]
        ]
    },
    "4": {
        "B": [
            [0.25, -36.0],
            [0.375, 41.0],
            [0.1875, 43.0],
            [0.09375, 47.0],
            [0.046875, 55.0],
            [0.046875, 71.0]
        ],
        "A": [
            [1.0, 26.0],
            [0.0, 26.0]
        ]
    }
}